{
  "Left Hand X": {
    "min": -0.11622581469611627,
    "max": 0.4874570009281276,
    "mean": 0.14131228693888412,
    "std": 0.1436721972459818,
    "median": 0.11519246559090834,
    "percentile_1": -0.07312129392827464,
    "percentile_99": 0.4501193777653937,
    "original_coverage": 72.7200116177752,
    "new_coverage": 100.0
  },
  "Left Hand Y": {
    "min": -0.16725703519025875,
    "max": 0.4097927832295082,
    "mean": 0.22268066591924102,
    "std": 0.08946080839936868,
    "median": 0.23727047218678204,
    "percentile_1": -0.08746927484951766,
    "percentile_99": 0.35833721484533565,
    "original_coverage": 80.79255010165554,
    "new_coverage": 100.0
  },
  "Left Hand Z": {
    "min": -0.023736291575037,
    "max": 0.33098227898061783,
    "mean": 0.09455438682732926,
    "std": 0.10111046612647168,
    "median": 0.0772941562825133,
    "percentile_1": -0.02311051281123536,
    "percentile_99": 0.2970751736182359,
    "original_coverage": 46.373075805983156,
    "new_coverage": 100.0
  },
  "Right Hand X": {
    "min": -0.18081781034857358,
    "max": 0.3567462924389552,
    "mean": 0.03861682647195112,
    "std": 0.11370651466317971,
    "median": 0.004474476145662064,
    "percentile_1": -0.14441621250592432,
    "percentile_99": 0.3000986342833569,
    "original_coverage": 63.34954981121115,
    "new_coverage": 100.0
  },
  "Right Hand Y": {
    "min": -0.3443636756468408,
    "max": 0.1678178970721298,
    "mean": -0.16030393156515726,
    "std": 0.10163599389559361,
    "median": -0.19270922195053933,
    "percentile_1": -0.2841360400558053,
    "percentile_99": 0.10926598121150272,
    "original_coverage": 87.51452221899505,
    "new_coverage": 100.0
  },
  "Right Hand Z": {
    "min": -0.02570721927410701,
    "max": 0.251552275274695,
    "mean": 0.030261874015978987,
    "std": 0.08451317765520847,
    "median": -0.0057806437218520055,
    "percentile_1": -0.025458426891016888,
    "percentile_99": 0.22501720742740067,
    "original_coverage": 19.33633459192564,
    "new_coverage": 99.99092361312809
  },
  "Base Vel X": {
    "min": -0.8013741707398078,
    "max": 0.9388287320283996,
    "mean": 0.05909405674814338,
    "std": 0.12914094230327547,
    "median": 0.0072059298448773545,
    "percentile_1": -0.12038947485346745,
    "percentile_99": 0.5168166934505638,
    "original_coverage": 99.95280278826606,
    "new_coverage": 100.0
  },
  "Base Vel Y": {
    "min": -1.0820839299751375,
    "max": 0.8902919288649788,
    "mean": -0.027198835938842977,
    "std": 0.10567421823810744,
    "median": -0.0015526821364645871,
    "percentile_1": -0.4154426320362397,
    "percentile_99": 0.2378239327123863,
    "original_coverage": 96.89950624455417,
    "new_coverage": 100.0
  },
  "Yaw Speed": {
    "min": -2.928662,
    "max": 2.818707,
    "mean": -0.05335176434069126,
    "std": 0.18784827356536038,
    "median": -0.006981,
    "percentile_1": -0.78213398,
    "percentile_99": 0.315905,
    "original_coverage": 87.30758059831543,
    "new_coverage": 100.0
  },
  "Grasp": {
    "min": 0.0,
    "max": 1.0,
    "mean": 0.1917114435085681,
    "std": 0.3936472608013794,
    "median": 0.0,
    "percentile_1": 0.0,
    "percentile_99": 1.0,
    "original_coverage": 100.0,
    "new_coverage": 100.0
  }
}